STATECD,STATE,NADADDRESS,NADCITY,NADSTATE,NADZIP,TOLLFREE,PHONE,TTY,FAX
1,Alabama,Box 1508,Cordova,Tennessee,38088,(800) 552-5377,(901) 544-0360,(800) 627-8332,(901) 544-0363
2,Alaska,13922 Denver West Parkway Suite 100-NAD,Lakewood,Colorado,80401,(800) 541-0483,(303) 236-2862,(800) 497-0253,(855) 438-8035
60,American Samoa,13922 Denver West Parkway Suite 100-NAD,Lakewood,Colorado,80401,(800) 541-0483,(303) 236-2862,(800) 497-0253,(855) 438-8035
4,Arizona,13922 Denver West Parkway Suite 100-NAD,Lakewood,Colorado,80401,(800) 541-0483,(303) 236-2862,(800) 497-0253,(855) 438-8035
5,Arkansas,Box 1508,Cordova,Tennessee,38088,(800) 552-5377,(901) 544-0360,(800) 627-8332,(901) 544-0363
6,California,13922 Denver West Parkway Suite 100-NAD,Lakewood,Colorado,80401,(800) 541-0483,(303) 236-2862,(800) 497-0253,(855) 438-8035
8,Colorado,13922 Denver West Parkway Suite 100-NAD,Lakewood,Colorado,80401,(800) 541-0483,(303) 236-2862,(800) 497-0253,(855) 438-8035
9,Connecticut,Box 68806,Indianapolis,Indiana,46268-0806,(800) 541- 0457,(317) 875-9648,(800) 791-3222,(317) 875-9674
10,Delaware,Box 68806,Indianapolis,Indiana,46268-0806,(800) 541- 0457,(317) 875-9648,(800) 791-3222,(317) 875-9674
11,District of Columbia,Box 68806,Indianapolis,Indiana,46268-0806,(800) 541- 0457,(317) 875-9648,(800) 791-3222,(317) 875-9674
64,Federated States of Micronesia,13922 Denver West Parkway Suite 100-NAD,Lakewood,Colorado,80401,(800) 541-0483,(303) 236-2862,(800) 497-0253,(855) 438-8035
12,Florida,Box 1508,Cordova,Tennessee,38088,(800) 552-5377,(901) 544-0360,(800) 627-8332,(901) 544-0363
13,Georgia,Box 1508,Cordova,Tennessee,38088,(800) 552-5377,(901) 544-0360,(800) 627-8332,(901) 544-0363
66,Guam,13922 Denver West Parkway Suite 100-NAD,Lakewood,Colorado,80401,(800) 541-0483,(303) 236-2862,(800) 497-0253,(855) 438-8035
15,Hawaii,13922 Denver West Parkway Suite 100-NAD,Lakewood,Colorado,80401,(800) 541-0483,(303) 236-2862,(800) 497-0253,(855) 438-8035
16,Idaho,13922 Denver West Parkway Suite 100-NAD,Lakewood,Colorado,80401,(800) 541-0483,(303) 236-2862,(800) 497-0253,(855) 438-8035
17,Illinois,Box 68806,Indianapolis,Indiana,46268-0806,(800) 541- 0457,(317) 875-9648,(800) 791-3222,(317) 875-9674
18,Indiana,Box 68806,Indianapolis,Indiana,46268-0806,(800) 541- 0457,(317) 875-9648,(800) 791-3222,(317) 875-9674
19,Iowa,Box 68806,Indianapolis,Indiana,46268-0806,(800) 541- 0457,(317) 875-9648,(800) 791-3222,(317) 875-9674
20,Kansas,13922 Denver West Parkway Suite 100-NAD,Lakewood,Colorado,80401,(800) 541-0483,(303) 236-2862,(800) 497-0253,(855) 438-8035
21,Kentucky,Box 68806,Indianapolis,Indiana,46268-0806,(800) 541- 0457,(317) 875-9648,(800) 791-3222,(317) 875-9674
22,Louisiana,Box 1508,Cordova,Tennessee,38088,(800) 552-5377,(901) 544-0360,(800) 627-8332,(901) 544-0363
23,Maine,Box 68806,Indianapolis,Indiana,46268-0806,(800) 541- 0457,(317) 875-9648,(800) 791-3222,(317) 875-9674
68,Marshall Islands,13922 Denver West Parkway Suite 100-NAD,Lakewood,Colorado,80401,(800) 541-0483,(303) 236-2862,(800) 497-0253,(855) 438-8035
24,Maryland,Box 68806,Indianapolis,Indiana,46268-0806,(800) 541- 0457,(317) 875-9648,(800) 791-3222,(317) 875-9674
25,Massachusetts,Box 68806,Indianapolis,Indiana,46268-0806,(800) 541- 0457,(317) 875-9648,(800) 791-3222,(317) 875-9674
26,Michigan,Box 68806,Indianapolis,Indiana,46268-0806,(800) 541- 0457,(317) 875-9648,(800) 791-3222,(317) 875-9674
27,Minnesota,Box 68806,Indianapolis,Indiana,46268-0806,(800) 541- 0457,(317) 875-9648,(800) 791-3222,(317) 875-9674
28,Mississippi,Box 1508,Cordova,Tennessee,38088,(800) 552-5377,(901) 544-0360,(800) 627-8332,(901) 544-0363
29,Missouri,Box 68806,Indianapolis,Indiana,46268-0806,(800) 541- 0457,(317) 875-9648,(800) 791-3222,(317) 875-9674
30,Montana,13922 Denver West Parkway Suite 100-NAD,Lakewood,Colorado,80401,(800) 541-0483,(303) 236-2862,(800) 497-0253,(855) 438-8035
31,Nebraska,13922 Denver West Parkway Suite 100-NAD,Lakewood,Colorado,80401,(800) 541-0483,(303) 236-2862,(800) 497-0253,(855) 438-8035
32,Nevada,13922 Denver West Parkway Suite 100-NAD,Lakewood,Colorado,80401,(800) 541-0483,(303) 236-2862,(800) 497-0253,(855) 438-8035
33,New Hampshire,Box 68806,Indianapolis,Indiana,46268-0806,(800) 541- 0457,(317) 875-9648,(800) 791-3222,(317) 875-9674
34,New Jersey,Box 68806,Indianapolis,Indiana,46268-0806,(800) 541- 0457,(317) 875-9648,(800) 791-3222,(317) 875-9674
35,New Mexico,13922 Denver West Parkway Suite 100-NAD,Lakewood,Colorado,80401,(800) 541-0483,(303) 236-2862,(800) 497-0253,(855) 438-8035
36,New York,Box 68806,Indianapolis,Indiana,46268-0806,(800) 541- 0457,(317) 875-9648,(800) 791-3222,(317) 875-9674
37,North Carolina,Box 1508,Cordova,Tennessee,38088,(800) 552-5377,(901) 544-0360,(800) 627-8332,(901) 544-0363
38,North Dakota,13922 Denver West Parkway Suite 100-NAD,Lakewood,Colorado,80401,(800) 541-0483,(303) 236-2862,(800) 497-0253,(855) 438-8035
69,Northern Mariana Islands,13922 Denver West Parkway Suite 100-NAD,Lakewood,Colorado,80401,(800) 541-0483,(303) 236-2862,(800) 497-0253,(855) 438-8035
39,Ohio,Box 68806,Indianapolis,Indiana,46268-0806,(800) 541- 0457,(317) 875-9648,(800) 791-3222,(317) 875-9674
40,Oklahoma,13922 Denver West Parkway Suite 100-NAD,Lakewood,Colorado,80401,(800) 541-0483,(303) 236-2862,(800) 497-0253,(855) 438-8035
41,Oregon,13922 Denver West Parkway Suite 100-NAD,Lakewood,Colorado,80401,(800) 541-0483,(303) 236-2862,(800) 497-0253,(855) 438-8035
70,Palau,13922 Denver West Parkway Suite 100-NAD,Lakewood,Colorado,80401,(800) 541-0483,(303) 236-2862,(800) 497-0253,(855) 438-8035
42,Pennsylvania,Box 68806,Indianapolis,Indiana,46268-0806,(800) 541- 0457,(317) 875-9648,(800) 791-3222,(317) 875-9674
72,Puerto Rico,Box 1508,Cordova,Tennessee,38088,(800) 552-5377,(901) 544-0360,(800) 627-8332,(901) 544-0363
44,Rhode Island,Box 68806,Indianapolis,Indiana,46268-0806,(800) 541- 0457,(317) 875-9648,(800) 791-3222,(317) 875-9674
45,South Carolina,Box 1508,Cordova,Tennessee,38088,(800) 552-5377,(901) 544-0360,(800) 627-8332,(901) 544-0363
46,South Dakota,13922 Denver West Parkway Suite 100-NAD,Lakewood,Colorado,80401,(800) 541-0483,(303) 236-2862,(800) 497-0253,(855) 438-8035
47,Tennessee,Box 1508,Cordova,Tennessee,38088,(800) 552-5377,(901) 544-0360,(800) 627-8332,(901) 544-0363
48,Texas,13922 Denver West Parkway Suite 100-NAD,Lakewood,Colorado,80401,(800) 541-0483,(303) 236-2862,(800) 497-0253,(855) 438-8035
74,U.S. Minor Outlying Islands,13922 Denver West Parkway Suite 100-NAD,Lakewood,Colorado,80401,(800) 541-0483,(303) 236-2862,(800) 497-0253,(855) 438-8035
49,Utah,13922 Denver West Parkway Suite 100-NAD,Lakewood,Colorado,80401,(800) 541-0483,(303) 236-2862,(800) 497-0253,(855) 438-8035
50,Vermont,Box 68806,Indianapolis,Indiana,46268-0806,(800) 541- 0457,(317) 875-9648,(800) 791-3222,(317) 875-9674
78,Virgin Islands of the U.S.,Box 1508,Cordova,Tennessee,38088,(800) 552-5377,(901) 544-0360,(800) 627-8332,(901) 544-0363
51,Virginia,Box 68806,Indianapolis,Indiana,46268-0806,(800) 541- 0457,(317) 875-9648,(800) 791-3222,(317) 875-9674
53,Washington,13922 Denver West Parkway Suite 100-NAD,Lakewood,Colorado,80401,(800) 541-0483,(303) 236-2862,(800) 497-0253,(855) 438-8035
54,West Virginia,Box 68806,Indianapolis,Indiana,46268-0806,(800) 541- 0457,(317) 875-9648,(800) 791-3222,(317) 875-9674
55,Wisconsin,Box 68806,Indianapolis,Indiana,46268-0806,(800) 541- 0457,(317) 875-9648,(800) 791-3222,(317) 875-9674
56,Wyoming,13922 Denver West Parkway Suite 100-NAD,Lakewood,Colorado,80401,(800) 541-0483,(303) 236-2862,(800) 497-0253,(855) 438-8035
